1;Jackson;Nicholas;w;3;1.23
2;Williams;Lisa;w;3;1.32
3;Abbott;Jermaine;w;2;1.7
4;Richards;Jonathan;w;2;1.58
5;Garcia;Jeffrey;m;1;1.19
6;Hernandez;Christopher;m;4;1.63
7;Mora;Alex;w;4;1.9
8;Harmon;Joseph;m;2;1.09
9;Hunt;Allen;m;2;1.57
10;Torres;Maurice;m;3;1.94
11;Mitchell;Ariana;m;1;1.05
12;Shepard;Steven;m;1;1.75
13;Rivas;Kristine;w;4;1.97
14;Perry;Daniel;m;1;0.9
15;Medina;Joanna;m;3;1.44
16;Jones;Jonathan;m;2;1.79
17;Roman;Alexandra;m;2;1.6
18;Weber;Chad;m;4;1.63
19;Fisher;Ryan;m;4;2.03
20;Williams;Daniel;m;3;1.22
21;Adams;Scott;m;2;0.98
22;Gay;Crystal;m;4;1.46
23;Smith;Brandon;w;3;1.34
24;Reynolds;Veronica;w;4;1.77
25;Silva;Karen;w;3;1.27
26;Dyer;Nancy;m;2;1.72
27;Gomez;Louis;m;4;1.49
28;Smith;Erika;m;2;1.03
29;Cooper;Jonathan;m;4;1.39
30;Perez;Andrew;w;3;1.6
31;Sanchez;Nicole;m;3;1.85
32;Richards;Jessica;m;1;1.4
33;Kemp;Daniel;m;1;1.73
34;Juarez;Becky;w;2;1.62
35;Williamson;Brooke;m;2;1.76
36;Hall;Michael;w;3;1.93
37;Christian;Brandon;w;1;1.35
38;Chapman;Christopher;w;3;1.94
39;Mcbride;William;w;1;1.29
40;Jenkins;Brandi;w;2;1.17
41;Lewis;Kyle;m;1;1.25
42;Miller;Anthony;w;3;1.67
43;Perry;Carl;m;2;1.23
44;Obrien;Amanda;m;3;1.9
45;Fletcher;James;m;4;1.56
46;Horton;Zachary;m;3;1.34
47;Mccarthy;April;m;4;1.56
48;Robinson;Vanessa;m;3;1.36
49;Mcdaniel;Philip;m;1;0.81
50;Sanchez;Brooke;m;1;1.43
51;Jackson;Gregory;m;2;1.18
52;Parsons;Angela;w;1;0.87
53;Park;Javier;m;4;1.92
54;Ryan;Shawn;m;2;1.08
55;Hood;John;w;2;1.2
56;Ryan;Gregory;w;2;1.34
57;Hayes;Jennifer;w;4;1.45
58;Hill;Mary;w;4;1.52
59;Henry;Heather;w;1;1.27
60;White;Taylor;w;3;1.48
61;Solomon;Richard;m;2;1.16
62;Avila;Ashley;m;3;1.3
63;Brown;Christina;w;4;1.58
64;Martinez;Michael;w;4;1.56
65;Ramirez;Gabriel;m;4;1.78
66;Silva;Parker;w;2;1.11
67;Pittman;Chelsea;m;2;1.4
68;Johnson;Tracey;m;4;1.55
69;Gallagher;Amber;w;2;1.74
70;Drake;Monica;w;1;0.98
71;Fischer;Christine;m;4;2.16
72;Garrison;Jonathan;m;4;1.48
73;Jones;Jenny;w;3;1.75
74;Boone;Charles;w;2;1.51
75;Hanson;Tiffany;m;1;1.01
76;Oneal;Olivia;m;3;1.76
77;Rodriguez;Robin;m;3;1.25
78;Arnold;Cheryl;w;1;0.89
79;Riggs;Janice;w;3;1.62
80;Lindsey;Ann;m;2;1.44
81;Owens;Tammy;m;2;1.53
82;Gomez;Eric;w;2;1.07
83;Dean;Teresa;m;3;1.25
84;Flores;Paul;w;2;1.58
85;Arias;David;w;4;1.38
86;Mccann;Matthew;w;1;1.68
87;Harmon;Cynthia;m;3;1.43
88;Diaz;Christina;w;1;1.42
89;Hamilton;Shannon;w;3;1.31
90;Gomez;Elizabeth;m;1;0.98
91;Howard;Emily;w;3;1.01
92;Tran;Jill;m;2;1.11
93;Carr;Margaret;w;2;1.77
94;Lopez;Timothy;m;1;1.77
95;Maddox;Scott;w;2;1.34
96;Page;Jon;m;1;1.18
97;Pierce;Gregory;m;4;1.58
98;Shaffer;Candace;w;3;1.97
99;Johnson;Scott;m;3;1.06
100;Rodgers;Steven;m;1;1.21
101;Riggs;Sara;w;4;1.47
102;Everett;Tonya;w;4;1.54
103;Frazier;James;w;3;1.78
104;Rodriguez;Phillip;w;1;1.0
105;Martinez;Lance;w;4;1.85
106;Miller;Peter;m;4;1.67
107;Jones;Kevin;m;2;1.41
108;Shepard;Michael;w;1;1.13
109;Doyle;Teresa;w;3;1.28
110;Branch;Thomas;m;3;1.28
111;Lyons;Jean;m;1;0.89
112;Jones;Ana;w;4;1.78
113;Ramirez;Todd;m;4;2.18
114;Wallace;Jennifer;m;4;2.25
115;Roberts;Clinton;w;1;0.83
116;Marshall;James;w;3;1.92
117;Roach;Jonathan;m;1;0.92
118;Torres;Alicia;w;4;2.05
119;Zhang;Joshua;m;3;1.9
120;Barrett;Andrew;w;3;1.17
121;Hawkins;Jody;m;3;1.33
122;Pierce;Danielle;m;3;1.38
123;Garcia;Caitlin;w;3;1.35
124;Mcclure;Erica;w;4;1.82
125;White;Clinton;w;2;0.91
126;Macias;Keith;w;2;1.32
127;Howe;Ashley;w;1;1.68
128;Rodriguez;Jennifer;w;3;1.09
129;Pham;Steven;w;3;1.48
130;Nelson;Brittany;m;2;1.38
131;Gomez;Jeremy;m;3;1.78
132;Young;Emily;m;4;2.26
133;Smith;Peter;m;3;1.71
134;Sanchez;Reginald;m;1;1.07
135;Pugh;Matthew;m;3;1.67
136;Duran;Christine;w;2;1.25
137;Gray;Michael;m;3;1.77
138;Cunningham;Natalie;m;2;1.58
139;Jones;Randy;m;2;1.88
140;Strickland;Brandon;m;1;1.67
141;Mckinney;Brett;w;2;0.95
142;Alvarez;Anthony;m;4;1.59
143;Fitzgerald;Albert;w;1;1.66
144;Moore;Robert;w;4;1.9
145;Wright;Dale;w;2;1.24
146;Romero;Denise;w;2;0.96
147;Brown;Kim;w;3;1.76
148;Pratt;Kimberly;w;3;1.0
149;Richardson;Michael;m;1;0.89
150;Grant;Daisy;m;2;1.89
151;Russell;Stephanie;m;4;2.08
152;Ferguson;Veronica;m;3;1.87
153;Mahoney;Anthony;m;1;1.28
154;Wood;Tracey;w;2;1.07
155;Johnson;Sherry;m;3;1.53
156;Cruz;Jacob;m;2;1.33
157;Hunter;Jason;m;3;1.16
158;Jimenez;Andrea;m;4;1.47
159;Hines;Karen;w;2;1.16
160;Chung;Jennifer;w;2;1.84
161;Gillespie;Benjamin;w;3;1.99
162;Stone;Sarah;m;3;1.7
163;Moore;Jennifer;m;1;1.52
164;Simmons;Amber;w;4;2.03
165;Garcia;Keith;m;2;1.42
166;Hayes;Robert;m;2;1.08
167;Cain;Justin;w;1;1.68
168;Daniels;Kristin;w;2;1.78
169;Campbell;Casey;w;1;1.51
170;Willis;Gregory;w;1;1.73
171;Williams;Barbara;w;3;1.98
172;Mata;Kerri;m;3;1.5
173;Hughes;Jenna;w;3;1.76
174;Hernandez;Heather;w;4;1.92
175;Jimenez;Charles;m;3;1.11
176;Nelson;Stephen;m;4;1.62
177;Carr;Virginia;m;2;0.97
178;Rodriguez;Eric;m;2;1.79
179;Shaffer;Nathan;m;3;1.02
180;Mills;Jesus;m;4;1.84
181;Olsen;Brenda;w;2;1.08
182;Smith;Sandra;m;2;1.05
183;Jimenez;Holly;m;1;0.97
184;Brown;Danielle;m;3;1.88
185;Nguyen;Victoria;w;2;1.39
186;Martin;Samantha;w;2;1.24
187;Allen;Cassandra;m;3;2.0
188;Campos;Paul;m;2;1.45
189;Peters;Dustin;m;3;1.3
190;Hawkins;Lisa;m;3;1.37
191;Edwards;Eddie;m;4;2.0
192;Anderson;Michael;w;1;0.92
193;Price;David;m;2;1.66
194;Sullivan;Arthur;m;1;1.68
195;Maldonado;Shane;m;1;1.28
196;Ballard;Jose;m;1;1.24
197;Floyd;William;w;2;1.04
198;Fox;Kaylee;w;2;1.32
199;Montgomery;Vanessa;w;3;1.76
200;Bowen;Alyssa;m;4;1.71
201;Obrien;William;w;2;1.52
202;Cox;Troy;m;4;1.34
203;Perez;William;w;2;1.12
204;Garrett;Samantha;w;2;1.1
205;Gonzalez;Matthew;m;3;1.98
206;Garcia;Sara;w;2;0.94
207;Marquez;Johnny;m;2;1.12
208;Barnes;Adrienne;w;4;1.33
209;Bell;Elizabeth;w;1;1.44
210;Butler;James;m;4;1.95
211;Garcia;Derrick;m;4;1.65
212;Barron;John;w;2;0.94
213;Hammond;Angelica;m;1;1.24
214;Benjamin;John;w;3;1.17
215;Chavez;Anne;m;2;1.33
216;Bernard;David;m;3;1.37
217;Merritt;Seth;m;4;1.52
218;Kim;Charles;w;2;1.74
219;Smith;Mark;m;2;1.59
220;Norton;William;w;2;1.37
221;Johnson;Victor;w;4;1.7
222;Morgan;Dylan;m;3;1.11
223;Walker;Hannah;m;1;1.4
224;Wilson;Kevin;w;3;1.5
225;Kelly;Joseph;m;3;1.91
226;Griffin;Lisa;m;1;1.77
227;Riggs;Matthew;m;2;1.71
228;Kim;Robert;m;3;1.87
229;Moss;Devin;m;2;1.4
230;Ward;Christina;w;2;1.27
231;Mason;Sarah;m;3;1.48
232;Griffin;Evan;m;1;1.33
233;Evans;Jack;w;4;2.12
234;May;Angela;w;1;0.95
235;Christensen;Stephanie;m;4;1.9
236;Choi;Martha;w;2;1.81
237;Ellis;James;m;1;1.02
238;Benson;Sarah;w;4;1.59
239;Knapp;Michael;w;2;1.74
240;Sanders;Paul;m;1;1.45
241;Kelly;Chad;m;1;1.77
242;Mathews;Timothy;m;4;1.94
243;Moore;Shelby;m;1;1.75
244;Harmon;Michelle;w;3;1.83
245;Peterson;Beth;m;2;1.57
246;Bailey;Justin;w;2;1.09
247;Simmons;William;w;2;1.11
248;Orozco;James;w;2;1.76
249;Hampton;Kathryn;w;2;1.23
250;Beck;Eric;w;1;1.49
251;Anderson;Annette;w;1;1.24
252;Johnson;Jonathan;w;1;1.26
253;Welch;Daniel;m;4;1.31
254;Sampson;Emma;w;3;1.82
255;Turner;Diana;m;3;1.31
256;Herring;Austin;m;2;1.24
257;Jones;Sabrina;m;3;1.07
258;Jones;Nathan;m;3;1.62
259;Green;Harry;w;4;2.08
260;Williams;Tyler;w;2;1.41
261;Henderson;James;m;2;1.38
262;Lynch;Scott;w;1;1.57
263;Kelley;Robert;m;4;1.4
264;Jones;Nancy;w;1;1.34
265;Pacheco;Sean;m;2;1.65
266;Johnson;Christine;m;1;1.17
267;Mullins;Michelle;m;4;2.18
268;Alvarado;Kevin;w;4;1.76
269;Vazquez;Jack;m;1;0.92
270;Smith;Elizabeth;w;2;1.88
271;Dickerson;Christopher;w;2;1.36
272;Miller;Elizabeth;m;3;1.75
273;Lee;William;w;1;0.88
274;Small;Rebecca;w;4;2.11
275;Lewis;David;m;3;1.15
276;Doyle;Brandy;m;3;1.12
277;Hayes;Robin;m;3;1.28
278;Benson;Sherry;w;1;1.22
279;Davis;Kimberly;m;2;1.39
280;Taylor;Kyle;m;1;1.23
281;Olsen;Lauren;m;1;0.83
282;Richardson;Richard;w;1;1.4
283;Diaz;Louis;w;2;1.64
284;Salinas;Kristin;w;3;1.98
285;Perez;Philip;w;4;1.85
286;Wood;Craig;w;2;1.83
287;Prince;Jesse;m;1;1.75
288;Martinez;Matthew;m;4;1.51
289;White;Olivia;m;3;1.07
290;Bennett;Samantha;w;1;0.97
291;Mora;Timothy;m;3;1.74
292;Gay;Christopher;m;2;1.16
293;Sanchez;Robert;w;2;1.01
294;Hughes;David;w;2;1.84
295;Rodriguez;Paul;w;2;1.58
296;Hale;Katherine;m;4;2.26
297;Daniel;Anthony;m;2;1.23
298;Bailey;Terrance;m;3;1.19
299;Morales;Samantha;m;3;1.14
300;Crosby;Melanie;w;3;1.94
301;Swanson;Michelle;m;4;1.46
302;Murray;Joseph;m;4;2.1
303;Atkinson;Alison;w;1;1.01
304;Hudson;Stacy;w;2;1.76
305;Martinez;Eric;m;2;0.96
306;Martinez;Jesse;m;1;1.18
307;Sawyer;Anthony;w;3;1.4
308;Anderson;Steven;m;2;1.88
309;Ayala;Isaac;w;3;1.9
310;Brown;Pamela;m;3;1.38
311;Estrada;Brandon;m;4;1.72
312;Newton;Timothy;w;2;1.62
313;Johnson;Nathaniel;w;4;1.94
314;Lucero;Tyler;w;1;1.69
315;Brown;Katherine;w;1;1.49
316;Aguilar;Anthony;m;2;1.42
317;Garcia;Lisa;m;2;1.8
318;Woodward;Hayley;w;3;1.33
319;Harrison;Pamela;m;3;1.37
320;Miller;Molly;m;4;1.65
321;Lee;James;m;2;1.39
322;Garcia;Andrew;w;2;0.93
323;Bates;Jennifer;m;3;1.45
324;Velasquez;Brenda;w;2;1.22
325;Morris;Matthew;m;3;1.24
326;Gutierrez;Rebecca;w;2;1.15
327;Jacobson;Samantha;w;2;1.7
328;Leonard;Kenneth;w;3;1.39
329;Miller;Vicki;m;4;2.28
330;Wilkerson;Susan;w;4;1.71
331;Wilkinson;Kathleen;w;1;1.5
332;Mckinney;Jennifer;m;3;1.31
333;Miranda;Haley;w;4;2.13
334;Roberts;Katrina;m;2;1.11
335;Campbell;David;m;2;1.18
336;Jones;Benjamin;m;1;1.09
337;Holland;Michael;w;4;1.43
338;Hughes;Erin;w;2;1.65
339;Williams;Eric;m;1;1.23
340;Ward;Amy;w;2;1.03
341;Singleton;Morgan;m;3;1.54
342;Ross;Matthew;m;2;1.39
343;Salazar;John;w;3;1.51
344;Powell;Nicole;w;3;1.71
345;Blake;Wendy;w;3;1.07
346;Davis;Omar;m;1;1.29
347;Miller;Courtney;m;1;0.85
348;Prince;Jasmine;w;3;1.98
349;Richardson;Brett;w;4;1.96
350;Young;Michael;m;3;1.17
351;Cortez;Tommy;w;4;2.22
352;Maxwell;Kristi;w;3;1.17
353;Harper;Aaron;w;3;1.35
354;Hernandez;Kristen;m;3;1.05
355;Love;Monica;m;3;1.37
356;Schneider;Angela;m;1;1.53
357;Mason;Daniel;m;1;0.92
358;Franco;George;w;4;2.08
359;Shaw;Nicholas;w;3;1.43
360;Martin;Gabriela;m;4;2.1
361;Washington;Jerry;m;4;1.47
362;Ochoa;Patrick;m;1;1.7
363;Dominguez;Joseph;m;4;2.03
364;Green;Kelly;w;3;1.05
365;Hood;Justin;w;3;1.48
366;Hernandez;Deanna;m;3;1.07
367;Jackson;Keith;m;3;1.72
368;Myers;Kristen;m;2;1.26
369;King;Chelsea;m;3;1.77
370;Holt;George;w;3;1.88
371;Johnson;Bonnie;w;3;1.18
372;Holmes;Sarah;m;4;2.11
373;Young;Carol;m;4;1.69
374;Blake;April;w;2;1.28
375;Turner;William;m;3;1.65
376;Castro;Jessica;m;4;2.27
377;Swanson;Erika;m;2;1.58
378;Guzman;Russell;m;3;1.22
379;Wood;Timothy;w;4;1.3
380;Griffin;Maria;m;3;1.11
381;Dalton;Jessica;m;4;1.59
382;Hill;James;w;2;0.97
383;Owens;Dorothy;m;4;1.37
384;Moss;Jessica;w;4;2.25
385;Miller;Blake;w;1;0.95
386;Hernandez;Karina;w;2;1.23
387;Taylor;John;w;2;1.87
388;Smith;Emily;m;3;1.53
389;Taylor;Eric;w;1;1.49
390;Mitchell;Andrew;w;3;1.29
391;Cox;Kayla;w;1;1.47
392;Jackson;April;m;2;1.06
393;Petty;Gregory;m;2;1.25
394;Mendoza;Steven;m;1;1.71
395;Hampton;Mark;m;3;1.73
396;Marquez;Jessica;w;1;1.26
397;Harrison;Travis;m;2;1.36
398;Dunn;Amy;m;4;2.04
399;Calhoun;Keith;w;2;1.3
400;Miller;Christina;m;2;1.33
401;Fuentes;Kenneth;m;1;1.37
402;Harrison;Nicole;m;3;1.56
403;King;Jill;m;1;1.26
404;Newton;Joseph;w;3;1.6
405;White;Stacy;m;1;0.95
406;Castaneda;Troy;w;4;2.04
407;Stephens;Kimberly;w;4;1.46
408;Phillips;Cassandra;m;4;2.11
409;Jones;Natalie;m;3;1.57
410;Mason;Rachel;w;3;1.94
411;Ruiz;Michael;w;4;1.72
412;Horne;Robin;w;2;1.56
413;Mckenzie;Ian;w;1;0.87
414;Williams;Ashley;m;2;1.2
415;Sherman;Mario;w;2;1.06
416;Johnson;John;w;1;1.47
417;Mathis;Kevin;w;3;1.12
418;Smith;Caleb;m;1;1.3
419;Robertson;Michael;w;1;1.05
420;Lee;Jennifer;w;4;1.47
421;Hernandez;Christopher;w;2;1.71
422;Dickerson;Charles;m;2;1.14
423;Smith;Christian;m;3;1.08
424;Soto;Amanda;w;3;1.39
425;Brown;Jennifer;w;3;1.21
426;Newton;Sandra;m;3;1.71
427;Lawrence;Amber;m;1;1.42
428;Lewis;Angela;m;4;2.25
429;Hanson;Diane;m;3;1.85
430;Landry;Robert;m;3;1.31
431;Weaver;Nicole;w;2;1.76
432;James;Jennifer;m;2;1.15
433;Elliott;Lisa;m;3;1.85
434;Fuentes;Lisa;m;4;1.45
435;Carter;Madison;w;2;1.83
436;Lewis;Kent;w;3;1.56
437;Brown;Sara;m;4;1.76
438;Morrison;William;m;2;1.3
439;Gray;Michael;w;1;1.18
440;Mendoza;Rebekah;w;1;0.96
441;Nguyen;Jennifer;w;2;1.53
442;Chavez;Zachary;w;1;1.16
443;Jordan;Brooke;m;2;1.78
444;Simpson;Devin;m;1;0.92
445;Franklin;Donna;m;3;1.47
446;Collier;Melissa;w;4;1.89
447;Lee;Jennifer;m;4;2.03
448;Garrison;David;w;3;1.66
449;Cole;James;m;3;1.43
450;Barker;Angela;m;2;1.63
451;Liu;Adam;m;4;2.01
452;Joseph;Kayla;m;1;1.18
453;Tran;Lori;w;4;1.73
454;Jones;Martin;m;2;1.25
455;Lambert;Michelle;m;4;2.08
456;Wright;Eric;w;3;1.14
457;Moore;Betty;w;4;2.12
458;Taylor;Theodore;w;3;1.59
459;Ferguson;Jessica;m;1;1.17
460;Parsons;Anthony;w;1;1.74
461;Gibson;Mason;w;2;1.86
462;Nichols;Adam;m;2;1.87
463;Norris;Diana;m;3;1.1
464;Perkins;Brandon;m;3;1.49
465;Thompson;Gina;w;1;1.72
466;Mcdowell;Justin;m;4;1.31
467;Cooper;Daniel;m;1;1.1
468;Mason;Kevin;m;1;1.26
469;Blevins;Keith;m;1;1.08
470;Gray;Steven;m;3;1.57
471;Webster;Miguel;w;4;1.84
472;Stewart;Jose;w;3;1.84
473;Green;Julie;w;3;1.24
474;Blake;Kathleen;m;3;1.76
475;Shelton;Shannon;w;3;1.49
476;Gilbert;Colleen;m;3;1.97
477;Mueller;Amy;w;4;2.16
478;Quinn;Derrick;w;4;1.32
479;Thomas;Laura;w;4;1.7
480;Rosario;Michelle;m;4;1.56
481;Stephens;William;w;4;1.79
482;Ortiz;Eric;m;1;1.8
483;Moran;Natalie;m;2;1.48
484;Potts;Austin;w;2;0.97
485;Smith;Maurice;m;1;1.55
486;Spence;Jared;m;2;1.1
487;Leonard;Kimberly;w;4;1.76
488;Mclaughlin;Richard;m;2;1.54
489;Rodriguez;Micheal;w;3;1.91
490;Davis;Amy;m;3;1.34
491;Miller;Daniel;w;2;1.57
492;Nelson;Katelyn;m;2;0.94
493;Murphy;John;w;3;1.06
494;Taylor;Kristie;m;1;1.23
495;Abbott;Chase;m;3;1.59
496;Frank;Tony;m;2;1.18
497;Sandoval;Brian;w;2;1.64
498;Adkins;Erica;m;2;1.22
499;Lawson;Lori;m;1;1.07
500;Yang;Cody;m;2;1.6
501;Parks;Lauren;w;2;1.61
502;White;Kevin;w;2;1.88
503;Hopkins;Charlene;w;1;0.93
504;Brown;Emily;w;3;1.1
505;Martinez;Richard;m;1;1.63
506;Blackwell;Cynthia;w;3;1.28
507;Montgomery;Adam;m;2;1.81
508;Hansen;Allison;w;4;1.87
509;Benitez;Bobby;m;4;1.9
510;Patton;Jennifer;m;3;1.0
511;Martinez;Ann;m;3;1.57
512;Hill;Annette;m;2;1.77
513;Cochran;Daniel;w;2;1.89
514;Kennedy;Kelly;w;3;1.38
515;Golden;Angela;m;1;0.97
516;Phillips;Angela;w;3;1.9
517;Barnett;Pedro;m;2;1.31
518;Jordan;Vincent;m;4;1.75
519;Church;Peter;w;3;1.47
520;Harris;Joseph;m;2;1.45
521;Rios;Katherine;w;3;1.06
522;Harrison;Tiffany;w;3;1.02
523;Patterson;Matthew;w;1;1.57
524;Mason;Timothy;w;1;1.43
525;Daniel;Mariah;m;2;1.29
526;White;Jasmine;m;2;1.55
527;Brown;Monica;w;4;2.01
528;Schneider;George;w;4;1.59
529;Rodriguez;Emily;w;3;1.39
530;Raymond;Kenneth;m;2;1.15
531;Taylor;Bernard;m;2;1.04
532;Mayo;Justin;m;3;1.59
533;Barrera;Maureen;w;2;1.64
534;Sullivan;Oscar;w;3;1.61
535;Novak;Travis;m;2;1.16
536;Riley;Anthony;w;2;1.54
537;Winters;Jesse;w;4;1.71
538;Williams;Jennifer;m;3;1.45
539;Alexander;Andrew;m;2;0.91
540;Robertson;Alisha;m;1;1.58
541;Hall;Sandy;w;3;1.9
542;Yang;Amy;w;2;1.19
543;Jackson;Kyle;m;3;1.36
544;Flores;Lisa;m;2;1.39
545;Clark;Lori;m;3;1.4
546;Dickson;Kayla;w;2;1.27
547;Cruz;Robert;m;4;2.05
548;Ellis;Brent;m;2;1.55
549;Cortez;Susan;w;2;1.22
550;Fisher;Chase;m;1;1.43
551;Cameron;John;w;4;1.98
552;Mcmahon;Kimberly;w;4;1.74
553;Thompson;Michael;w;3;1.26
554;Ferguson;Christopher;w;2;1.76
555;Parrish;Suzanne;w;2;0.91
556;Mendez;Anna;w;4;2.02
557;Arnold;Kevin;m;1;1.61
558;Larsen;Christy;m;2;1.11
559;Butler;Tracy;m;2;1.47
560;Holland;Michael;w;4;2.28
561;Marsh;Amy;w;2;1.2
562;Watts;Amanda;m;3;1.62
563;Johnson;Justin;m;4;1.71
564;Baxter;Joseph;m;3;1.44
565;Stone;Dawn;w;2;1.65
566;Reynolds;David;m;2;1.45
567;Duncan;Peter;m;1;1.08
568;Green;Timothy;w;2;1.64
569;Carter;Kevin;w;4;1.86
570;Mercado;Paula;w;2;1.21
571;Goodman;Kristen;w;4;1.9
572;Nelson;Eduardo;m;4;2.04
573;Smith;Lisa;m;1;0.86
574;Bishop;Linda;w;4;1.47
575;Smith;Alyssa;m;3;1.35
576;Drake;Shawn;w;2;1.15
577;Robertson;Darrell;w;2;1.47
578;Hartman;Duane;w;1;0.85
579;Leblanc;Thomas;m;3;1.92
580;Perkins;Robert;m;4;2.04
581;Miller;Katherine;w;2;1.32
582;Robinson;Douglas;w;2;1.05
583;Williams;Christian;m;2;0.96
584;Young;Jennifer;m;4;2.04
585;Petersen;Curtis;w;1;1.37
586;Fleming;Gregory;m;1;1.22
587;Warner;Kelly;w;3;1.31
588;Harper;Jennifer;w;2;0.95
589;Mitchell;Veronica;m;2;1.66
590;Campbell;Jeff;w;3;1.21
591;Alvarez;Jeffery;m;3;1.27
592;Perez;Travis;w;4;1.53
593;Miller;Peggy;m;3;1.57
594;Cox;Raymond;w;1;1.09
595;Collins;Lauren;w;3;1.11
596;Richardson;Heather;m;3;1.87
597;Taylor;Yolanda;w;1;0.97
598;Pace;Gary;w;3;1.22
599;Chapman;Joshua;m;1;1.54
600;Lewis;Joel;m;4;1.76
601;Miller;Marcia;m;3;1.93
602;Brown;Chad;m;4;2.19
603;Coleman;Kathleen;w;1;1.36
604;Young;Julia;w;3;1.16
605;York;Melissa;w;4;1.61
606;Dean;Henry;w;2;1.56
607;Aguilar;Roger;w;3;1.3
608;Wilson;Albert;m;2;1.41
609;Mccarthy;Robert;m;3;1.12
610;Mendoza;Angela;w;2;1.46
611;Murphy;Gregory;w;3;1.94
612;Carter;Austin;w;3;1.62
613;Cooper;Deborah;m;3;1.29
614;Aguirre;Joshua;w;2;1.02
615;Griffith;Jacqueline;w;3;1.6
616;Crawford;James;m;4;1.85
617;Williams;Marc;w;3;1.76
618;Cross;Richard;w;3;1.0
619;Harmon;Jessica;w;4;1.45
620;James;Ernest;m;4;1.92
621;Bartlett;Kathleen;m;2;1.47
622;Hardin;Cynthia;w;3;1.7
623;Collins;Shannon;m;1;1.69
624;Fleming;Robert;m;2;1.67
625;Hernandez;Cheryl;w;2;1.51
626;Armstrong;Douglas;m;3;1.99
627;Becker;Roger;m;3;1.34
628;Mcgrath;Shelia;w;3;1.24
629;Thomas;Tracy;m;3;1.27
630;Torres;Jeffrey;m;3;1.63
631;Goodwin;Alexandria;w;3;1.12
632;Rodgers;Omar;w;2;1.31
633;Bell;Alejandra;w;3;1.34
634;Nelson;Traci;m;2;1.02
635;Walker;Anthony;m;4;2.13
636;Brown;Jessica;m;4;2.13
637;Moreno;Tiffany;m;3;1.25
638;Davenport;Melissa;w;1;0.89
639;Raymond;James;m;1;1.43
640;Johnson;Brandon;w;3;1.2
641;Walker;Victor;w;3;1.58
642;Rodriguez;Steven;w;2;1.29
643;Daniels;Jeff;w;3;1.86
644;Gonzalez;Scott;w;2;1.21
645;Ellis;Chelsey;m;3;1.52
646;Martinez;Laura;m;2;0.98
647;Rose;Marcus;m;2;1.26
648;Hale;Lisa;w;1;1.7
649;Price;Brandon;m;3;1.15
650;King;Charles;m;2;1.65
651;Rocha;Michael;w;3;1.45
652;Curtis;Stephen;w;2;1.46
653;Ritter;Christian;m;2;1.79
654;Leach;Cheryl;m;1;1.7
655;Sims;Diane;m;1;1.24
656;Allen;Samuel;w;2;1.89
657;Morrison;Janet;m;3;1.28
658;White;Maria;w;3;1.22
659;Stewart;Bradley;w;2;1.52
660;Mills;Alyssa;w;4;1.89
661;Marquez;Nicholas;w;1;1.32
662;Jones;Vanessa;m;2;1.21
663;Bryant;Michael;m;2;1.33
664;Pham;Alexander;w;4;1.85
665;Riddle;Bobby;m;3;1.03
666;Smith;Kendra;w;4;1.36
667;Lamb;Victoria;m;4;1.34
668;Fields;Margaret;w;1;1.64
669;Clarke;John;w;2;1.52
670;Daniel;Shaun;w;3;1.31
671;Gonzalez;Joel;w;4;1.87
672;Preston;Anthony;m;2;1.78
673;Daniels;Daniel;m;4;1.4
674;Ramos;Michelle;m;2;1.1
675;Meadows;Danny;m;4;1.63
676;Osborne;Kimberly;w;4;1.76
677;Gibson;Dana;w;3;1.36
678;Nelson;Paul;m;4;2.15
679;Fisher;Donna;m;2;1.45
680;Clark;Nicole;m;3;1.08
681;Chaney;Robert;m;4;1.56
682;Parker;Ray;w;2;1.41
683;Robinson;Lisa;w;1;1.56
684;Brown;Monica;w;3;1.63
685;Mendoza;Miguel;w;2;1.9
686;Bray;Tiffany;m;3;1.32
687;Benitez;Mark;w;3;1.62
688;Price;Jessica;m;3;1.96
689;Rogers;Brian;w;1;1.25
690;Jackson;Lee;m;2;1.06
691;Mendoza;Sara;w;2;1.13
692;Ho;Johnny;m;2;1.3
693;Johnson;Frank;m;1;0.92
694;Harrison;Michael;m;2;1.38
695;Johnson;Joshua;w;1;1.77
696;Preston;Erika;m;1;1.68
697;Warner;Jessica;m;1;1.4
698;Wallace;Jean;w;1;1.74
699;Carlson;Tracy;w;1;1.43
700;Robertson;Lindsey;w;3;1.08
701;Ibarra;Evan;w;4;1.95
702;Acosta;William;m;2;1.49
703;Doyle;Valerie;m;3;1.65
704;Garcia;Walter;w;3;1.26
705;Mcpherson;Dawn;m;2;1.63
706;Figueroa;Victor;m;2;1.43
707;Coffey;Cindy;w;1;1.77
708;Phillips;Lori;m;2;1.03
709;Weber;Kevin;m;1;1.33
710;Maldonado;Shannon;m;1;1.65
711;Rogers;Austin;m;2;1.07
712;Jones;Beth;w;3;1.77
713;Burke;David;w;4;2.23
714;Owens;Molly;w;3;1.74
715;Barber;Gregory;m;2;1.55
716;Goodwin;Antonio;m;4;1.52
717;Sanchez;Donna;w;2;1.83
718;Jones;Kristin;w;3;1.08
719;Sanders;Angela;m;1;1.17
720;Kelly;Jesse;m;3;1.06
721;Brock;Robert;w;2;1.37
722;Mcgee;Terry;w;4;2.04
723;Garcia;Maria;w;1;1.3
724;Willis;Donna;m;3;1.23
725;Wilson;Christopher;w;1;1.43
726;Bowman;Christopher;m;3;1.74
727;Olsen;Devin;w;3;1.25
728;Dudley;Anita;m;3;1.33
729;Marshall;Jennifer;w;2;1.11
730;White;Jessica;m;2;1.35
731;Hunt;Kenneth;m;4;1.36
732;Simpson;Steven;m;2;1.32
733;Williams;Stephanie;w;2;0.98
734;Huff;Marc;w;4;1.56
735;Miller;Gabriela;m;3;1.99
736;Hudson;Adrian;m;3;1.07
737;Harris;Ronald;m;3;1.3
738;Weaver;Amy;w;1;1.18
739;Sutton;Robert;w;4;2.13
740;Baldwin;Brittney;m;1;0.91
741;Roberts;Katrina;m;2;1.83
742;Harrison;Leslie;m;4;2.02
743;Macias;Brett;m;1;1.7
744;Hamilton;Sandra;m;1;1.62
745;Perry;Tracy;m;3;1.59
746;Kelly;Cassandra;m;3;1.05
747;Page;Robert;m;3;1.9
748;Rose;Sonya;m;3;1.58
749;Mccarthy;Danielle;m;3;1.17
750;Hernandez;Shari;m;4;2.25
751;Bryant;Rachel;w;3;1.16
752;Hogan;Zachary;m;3;1.2
753;Martin;Michael;w;2;1.51
754;Bradley;Joseph;m;3;1.74
755;Cameron;Christina;m;1;0.93
756;Watson;Seth;m;1;1.19
757;Mendez;Melanie;m;3;1.45
758;Rios;Caitlyn;m;4;1.76
759;Wolfe;Debra;w;2;1.38
760;Tucker;Timothy;m;2;1.35
761;Smith;Jo;w;2;0.92
762;Oliver;Adam;m;3;1.93
763;Davis;Barbara;w;3;1.58
764;Logan;John;w;1;1.51
765;Petersen;Emily;w;2;1.56
766;Phillips;Andrea;w;3;1.96
767;Williams;Katelyn;w;2;1.45
768;Maynard;Jessica;w;1;1.15
769;Gill;Sean;w;2;1.65
770;Newman;Madison;w;2;1.08
771;Rodriguez;Jesse;m;2;1.49
772;Ruiz;Tina;m;2;1.64
773;Oconnor;James;m;2;1.47
774;Contreras;Heidi;w;2;1.74
775;Gilbert;Kayla;m;2;1.04
776;Cooper;Eric;w;1;1.61
777;Harper;Charles;m;2;1.84
778;Rivers;Christopher;w;3;1.85
779;Ho;Amanda;m;1;1.18
780;Gonzalez;Richard;m;2;1.05
781;Porter;Loretta;m;3;1.6
782;Rodriguez;Joel;m;2;1.16
783;Burke;Holly;w;1;1.5
784;Vargas;Christine;w;4;1.62
785;Jordan;Shane;w;3;1.72
786;Brown;Maxwell;m;1;1.19
787;Branch;Gary;w;4;1.78
788;Thomas;Charles;m;2;1.81
789;Edwards;Holly;w;1;1.2
790;Sanchez;James;m;3;1.05
791;Moses;Kelly;m;4;2.26
792;Alvarez;Stephanie;m;3;1.17
793;Bird;Keith;w;2;1.19
794;Lee;Karen;m;1;1.57
795;Nielsen;Krista;w;4;1.3
796;King;Ann;m;2;1.66
797;Berry;Christopher;w;2;1.39
798;Mitchell;Michael;w;3;1.67
799;Mercado;Eric;m;1;1.14
800;Rivera;Beth;w;4;1.6
801;Wood;Amanda;w;1;1.76
802;Brown;Erin;w;3;1.89
803;Powers;Lauren;w;2;1.54
804;Harris;Michael;m;3;1.35
805;Porter;Mark;m;2;1.0
806;Moore;James;w;4;1.37
807;Cook;Tammy;w;2;1.17
808;Ryan;James;w;2;1.63
809;Baker;Kathryn;m;4;1.56
810;Daniels;Jennifer;w;2;1.16
811;Dixon;Keith;m;1;1.33
812;Williams;Patricia;w;3;1.77
813;Romero;Joyce;w;4;2.28
814;Williams;Stephanie;m;2;1.86
815;Navarro;Melinda;w;4;1.87
816;Roth;Vincent;m;3;1.65
817;Morales;Johnny;w;3;1.33
818;Mcclure;Troy;m;1;0.95
819;Perez;Crystal;w;1;1.43
820;Wilson;Jeffery;w;1;0.95
821;Scott;Ashley;w;1;1.69
822;Reynolds;Corey;w;4;1.45
823;Perez;Timothy;w;3;1.67
824;Jackson;Lauren;w;3;1.05
825;Austin;James;w;3;1.69
826;Hamilton;Elizabeth;m;3;1.2
827;Torres;Andre;m;3;1.66
828;Cruz;Ashley;w;4;2.14
829;Wilson;John;m;1;0.83
830;Lawrence;Benjamin;w;1;1.15
831;Petersen;Antonio;w;3;1.13
832;Marshall;Victoria;m;1;1.07
833;Richards;Jackie;w;3;1.35
834;Jones;Justin;m;1;1.77
835;Acosta;Larry;m;2;1.26
836;Watson;Barry;w;3;1.69
837;Robinson;Nathan;w;1;1.07
838;Mann;Jason;m;2;1.15
839;Boyd;Jeffery;m;3;1.39
840;Downs;Nicole;w;2;1.52
841;Smith;Laura;w;2;1.49
842;Wilson;Christopher;w;3;1.4
843;Robles;Edwin;m;3;1.18
844;Figueroa;Maurice;m;4;2.13
845;Palmer;Sarah;w;2;1.46
846;Allen;William;w;4;1.89
847;Taylor;Barbara;m;1;1.53
848;Johnson;Michael;w;2;1.11
849;Hernandez;Brian;w;3;1.95
850;Sexton;Eric;m;2;1.69
851;Diaz;Lisa;w;1;1.6
852;Figueroa;Kimberly;w;3;1.75
853;Williams;Scott;m;2;1.1
854;Campbell;Kimberly;m;3;1.65
855;Adams;Justin;m;3;1.24
856;Leonard;Craig;m;2;1.43
857;Dean;Patrick;w;1;1.69
858;Campbell;James;m;2;1.43
859;Collins;Tammy;w;4;1.37
860;Nunez;Denise;w;2;1.64
861;Reese;Carla;m;2;1.87
862;Weeks;Mary;w;1;1.58
863;Pace;Robert;w;1;1.46
864;Day;Lindsay;w;4;1.38
865;Burgess;Louis;w;3;1.29
866;Odom;Nicole;w;4;1.35
867;Hines;David;w;3;1.41
868;Williams;Mark;w;4;1.94
869;Hernandez;Amanda;m;2;1.72
870;Grant;Keith;w;2;1.28
871;Thompson;Ashley;m;3;1.37
872;Russell;Alicia;w;4;1.5
873;Patel;Michael;m;1;0.85
874;Gallagher;Nicholas;w;4;1.99
875;Williams;Brenda;m;2;1.34
876;Williams;Richard;m;2;1.48
877;Watson;Robin;m;2;1.6
878;Martin;Justin;m;2;1.3
879;Greene;Joshua;m;3;1.85
880;Zavala;Molly;m;2;1.38
881;Edwards;Judy;m;4;1.84
882;Taylor;Eduardo;m;2;1.72
883;Harrison;Lisa;m;3;1.3
884;Lowery;Ashley;w;3;1.73
885;Rose;Eric;w;3;1.27
886;Simpson;Jennifer;m;3;1.76
887;Tucker;Mark;w;3;1.61
888;Peterson;Angela;m;3;1.96
889;Brown;Brandon;m;2;1.37
890;Cook;Sabrina;m;3;1.73
891;Walker;David;w;1;0.86
892;Middleton;Heather;w;3;1.72
893;Melton;Monica;m;2;1.44
894;Patel;Denise;w;2;1.13
895;Johnson;Henry;m;2;1.7
896;Robinson;Roger;w;2;1.1
897;Jackson;David;w;2;1.4
898;Andrews;Yvonne;m;4;1.94
899;Ramirez;Lee;w;4;1.39
900;Miller;Chelsea;w;3;1.57
901;Moore;Katie;m;3;1.11
902;Woods;Charles;w;3;1.91
903;Collins;Yolanda;w;1;1.02
904;Castillo;Robert;w;1;1.37
905;Anderson;Rebecca;m;2;1.84
906;Murphy;Billy;m;3;1.45
907;Johnson;Joseph;w;1;0.81
908;Ramirez;Joseph;w;2;1.28
909;Hartman;Alexandra;m;4;1.89
910;Garcia;Craig;m;1;1.34
911;Smith;Amber;m;3;1.96
912;Sutton;Abigail;m;4;1.39
913;Lopez;Jose;m;1;0.91
914;Lang;Alexander;w;3;1.38
915;Walls;Samuel;m;1;1.24
916;Cunningham;Stacey;m;3;1.82
917;Goodwin;Jenna;m;2;1.07
918;Lloyd;Lori;m;2;0.92
919;Erickson;Ashley;w;1;1.5
920;Gonzales;Mark;m;3;1.45
921;Alexander;Bobby;m;3;1.04
922;Farrell;Anthony;m;1;1.73
923;Johnson;Deborah;m;1;0.85
924;Adams;Robert;w;2;1.38
925;Clark;John;m;1;1.16
926;Miranda;Alexander;w;4;2.25
927;Arnold;Scott;w;3;1.42
928;Lee;Alex;m;3;1.21
929;Williams;Kristine;m;4;2.16
930;Townsend;John;w;2;1.42
931;Christensen;Sharon;m;4;1.46
932;Carlson;Lauren;w;2;1.04
933;Jimenez;Rebecca;m;1;1.4
934;Hubbard;David;m;4;1.36
935;Gray;Joshua;w;3;1.35
936;Richardson;Jose;w;3;1.68
937;Rivas;Madeline;m;2;1.62
938;Hawkins;Dennis;m;2;1.56
939;Neal;Dana;m;3;1.14
940;Richardson;Crystal;w;1;0.82
941;Weaver;Craig;w;1;1.45
942;Robertson;Michael;w;1;1.18
943;Hernandez;Christopher;m;4;1.85
944;Frost;Gregory;w;1;0.93
945;Fields;Jonathan;w;1;0.94
946;Jackson;Omar;w;3;1.16
947;Myers;Jessica;w;3;1.71
948;Watson;Julia;w;2;1.11
949;Jones;Allison;m;1;1.01
950;Christian;Thomas;m;3;1.82
951;Smith;John;w;1;1.17
952;Wright;Elizabeth;w;1;1.61
953;George;Gerald;w;2;1.4
954;Odom;Angela;w;3;1.58
955;Edwards;Catherine;w;3;1.36
956;Smith;John;m;4;1.77
957;Brooks;Lori;w;2;1.3
958;Hughes;Samantha;w;2;1.44
959;Davis;Patricia;m;3;1.89
960;Grant;Monica;m;4;1.92
961;Walters;Maria;m;4;1.88
962;Bradley;Dustin;m;2;1.53
963;Arnold;Marcus;w;1;0.82
964;Davidson;Patrick;w;3;1.23
965;Gonzalez;Elizabeth;w;3;1.41
966;Cruz;Sandra;w;3;1.98
967;Sanders;Ashley;w;4;2.04
968;Arias;Gary;w;2;1.81
969;Fowler;Zachary;m;2;1.46
970;Long;Melody;w;3;1.87
971;Owens;John;m;2;1.37
972;Moran;Christian;w;2;1.81
973;Spence;Dana;w;3;1.99
974;Case;Michael;m;1;1.46
975;Stein;Charles;m;2;1.38
976;Saunders;Chloe;m;4;2.01
977;Olson;Amy;w;3;1.95
978;Blankenship;Robert;w;2;1.36
979;Smith;Teresa;w;2;1.59
980;Zimmerman;Samuel;m;2;0.95
981;Hogan;Angelica;m;3;1.58
982;Maynard;Eric;m;2;1.2
983;Davis;William;m;4;2.07
984;Gentry;Taylor;w;1;1.09
985;Valentine;Robin;w;4;1.9
986;Robinson;Krystal;m;1;1.3
987;Freeman;Zachary;w;3;2.0
988;Kelly;Gary;m;1;1.67
989;Sanchez;Vincent;m;3;1.09
990;Hall;Kim;m;2;1.81
991;Mckinney;Lindsay;m;2;1.67
992;Ward;Ryan;w;3;1.11
993;Williams;Jacob;m;4;2.05
994;Dunn;Robin;w;3;1.92
995;Thomas;Seth;m;4;1.6
996;Miller;Brian;m;2;1.46
997;Johnson;Jessica;w;1;0.95
998;Carlson;Richard;w;3;1.37
999;Donaldson;Shelby;m;3;1.49
1000;Lewis;Briana;w;4;1.73
1001;Rodriguez;Brandon;m;2;1.09
1002;Hammond;Yvette;w;4;2.28
1003;Baker;Tiffany;m;1;0.82
1004;Miller;Alyssa;w;1;0.98
1005;Clements;Emily;m;1;1.1
1006;Wells;Olivia;m;1;1.05
1007;Hanna;Frederick;w;2;0.96
1008;Hansen;Megan;m;2;1.3
1009;Alexander;Beverly;w;3;1.24
1010;Vasquez;Kelly;w;2;1.23
1011;Yoder;Caleb;w;1;0.91
1012;Baker;Scott;m;2;1.76
1013;Mccarthy;Shelly;w;3;1.79
1014;Long;Ashley;w;4;1.31
1015;Jones;Cindy;w;2;0.93
1016;Watts;Martin;w;2;1.57
1017;Miller;Erin;w;3;1.27
1018;Simmons;Mark;w;4;1.66
1019;Hansen;Kevin;w;4;1.79
1020;Conway;Patrick;m;3;1.95
1021;Villanueva;Adrienne;w;1;0.92
1022;Morales;James;w;3;1.36
1023;Cross;Donald;w;3;1.76
1024;Garcia;James;m;2;1.49
1025;Walton;Michele;m;3;1.37
1026;Goodwin;Ryan;w;3;1.51
1027;Wilson;Fred;w;3;1.04
1028;Diaz;Christopher;m;3;1.35
1029;Guzman;Cody;w;4;1.99
1030;Garcia;Brandy;w;2;0.92
1031;Cole;Cassandra;m;2;1.39
1032;Greer;Ashley;m;3;1.17
1033;Lee;Kimberly;w;2;1.09
1034;Smith;Andrea;m;2;1.2
1035;French;Dennis;w;3;1.22
1036;Hart;Jennifer;m;1;0.91
1037;Knox;Sean;m;1;1.08
1038;Johnson;Steven;m;2;1.66
1039;Williams;Cathy;w;1;1.38
1040;Clark;Frank;w;1;1.57
1041;Vance;Barbara;m;1;1.64
1042;Morales;Amber;w;4;2.02
1043;Hays;Megan;m;2;1.1
1044;Ramos;William;w;3;1.38
1045;Smith;Brandi;m;1;1.1
1046;Sanchez;Daniel;m;4;2.05
1047;White;Peter;m;1;1.42
1048;Klein;Zachary;w;2;1.53
1049;Stewart;Michaela;m;4;2.17
1050;Santiago;Brandi;m;4;1.54
1051;Ruiz;Ryan;m;4;1.57
1052;Graham;Cheyenne;m;3;1.66
1053;Keith;Beverly;m;2;1.75
1054;Adams;Steve;w;4;1.31
1055;Lowery;Laura;w;1;1.71
1056;Thomas;Curtis;m;3;1.27
1057;Garza;Lisa;m;3;1.32
1058;Vasquez;Drew;m;3;1.64
1059;Carter;Sandra;m;4;2.22
1060;Hale;Bryan;w;3;1.07
1061;Navarro;Lisa;m;1;1.27
1062;Silva;Ashley;m;2;1.71
1063;Dean;Eddie;m;3;1.5
1064;Brown;Nathaniel;w;4;1.9
1065;Lee;Shelia;m;2;1.61
1066;Tucker;Lisa;m;3;1.63
1067;Whitney;Michelle;m;2;0.91
1068;Sullivan;Beth;w;3;1.89
1069;Maynard;Kurt;w;1;1.04
1070;Curtis;Susan;w;4;1.73
1071;Ferguson;Christopher;w;1;1.64
1072;Taylor;Christina;m;4;1.65
1073;Johnson;Erik;w;3;1.44
1074;Mcdaniel;Amy;w;3;1.61
1075;Kim;Jessica;w;2;1.25
1076;Cortez;Paul;m;3;1.28
1077;Watkins;Sara;m;1;1.32
1078;Perez;Stephanie;w;1;0.98
1079;Baker;Kayla;m;2;1.3
1080;Moore;Duane;m;3;1.21
1081;Wallace;Seth;m;3;1.12
1082;Anderson;Julie;w;1;1.77
1083;Baker;Michele;m;4;2.12
1084;Wilkins;Daniel;m;4;2.26
1085;Munoz;Timothy;m;4;1.72
1086;Thompson;Kristen;w;1;1.06
1087;Ward;Robert;w;2;1.8
1088;Fernandez;Jasmine;w;1;1.06
1089;Herrera;Joseph;m;3;1.43
1090;Gordon;Edward;m;1;1.42
1091;Nelson;Sean;m;1;1.01
1092;Martinez;Timothy;w;2;1.39
1093;Krause;Nathan;w;2;1.69
1094;Allen;Carol;m;3;1.6
1095;Baldwin;Janice;w;3;1.33
1096;Scott;Jessica;w;1;0.94
1097;Jackson;Wendy;m;4;1.75
1098;Lee;Tamara;w;4;1.77
1099;Jones;Anthony;m;2;1.18
1100;Horne;Dawn;w;2;1.29
1101;Walker;Justin;m;2;1.28
1102;Weaver;Benjamin;m;2;1.01
1103;Rivas;Christopher;w;4;2.2
1104;Ball;Ronald;w;3;1.8
1105;Adams;Jennifer;w;4;1.91
1106;Doyle;Linda;m;1;1.06
1107;Gregory;Natalie;m;2;1.46
1108;Douglas;Amanda;w;1;1.17
1109;King;Colleen;m;2;1.11
1110;Robertson;Kelli;w;3;1.28
1111;Everett;Sharon;w;1;1.38
1112;Parsons;Jim;w;3;1.3
1113;Adams;Travis;m;3;1.64
1114;Peters;Amber;w;1;1.66
1115;Williams;Eduardo;w;3;1.74
1116;Holland;Miguel;w;3;1.88
1117;Valentine;Crystal;w;1;1.68
1118;Griffin;Angela;w;4;2.05
1119;Valdez;Patrick;m;1;1.29
1120;Mueller;Hayden;m;1;1.02
1121;Wilcox;William;m;4;1.35
1122;Freeman;Johnathan;m;2;1.28
1123;Ali;Robert;w;2;1.02
1124;Miller;Jason;m;4;1.42
1125;Sullivan;Thomas;m;1;1.1
1126;Lucas;Holly;m;1;1.14
1127;Dunlap;Ebony;m;4;2.28
1128;Reed;Noah;m;4;1.44
1129;Yates;Thomas;m;2;1.52
1130;Jackson;Chelsea;w;2;0.93
1131;Hamilton;Mallory;m;3;1.84
1132;Blake;Miranda;m;3;1.11
1133;Rose;William;m;4;1.69
1134;Velazquez;Heather;w;1;1.29
1135;Ruiz;Mary;m;3;1.79
1136;Martin;Bryan;m;4;1.78
1137;Marsh;James;w;2;1.18
1138;Brown;Richard;m;1;1.6
1139;Espinoza;Monica;m;4;1.5
1140;Barnes;Erin;m;4;2.27
1141;Krause;Heather;m;3;1.65
1142;Johnson;Tracey;m;3;1.02
1143;Potter;Brenda;w;3;1.96
1144;Williams;Bonnie;w;3;1.86
1145;Baker;Christine;m;3;1.2
1146;Lee;Amanda;m;2;1.88
1147;Clay;Amanda;m;3;1.42
1148;Parks;Bailey;w;2;1.88
1149;Hall;Allison;w;3;1.52
1150;White;Chris;w;4;1.71
1151;Alvarez;Lauren;w;1;1.17
1152;Baker;Jennifer;w;4;2.04
1153;Pham;Linda;m;2;1.67
1154;Middleton;Jesus;w;4;2.12
1155;Stuart;Andrew;w;2;1.67
1156;James;Sheila;m;3;1.15
1157;Carter;Jason;m;2;0.95
1158;Smith;Jennifer;m;1;1.1
1159;Alvarado;Michelle;m;3;1.33
1160;Martinez;Taylor;m;2;1.29
1161;Boyle;Thomas;w;4;1.87
1162;Jones;Jeffrey;w;3;1.27
1163;Martinez;Rachel;w;2;1.88
1164;Perez;Holly;m;2;1.28
1165;Clark;Daniel;m;3;1.22
1166;Lowe;Patricia;m;2;1.3
1167;Barrett;Jason;w;4;1.75
1168;Dean;Kristen;m;3;1.55
1169;Brooks;Timothy;m;1;0.99
1170;Matthews;Nancy;w;4;1.75
1171;Melendez;Richard;m;1;1.74
1172;Carlson;Robert;w;3;1.13
1173;Carter;Benjamin;w;2;1.7
1174;Gonzalez;Amy;w;3;1.24
1175;Johnson;Courtney;w;1;1.13
1176;Hill;Michael;w;4;2.19
1177;Hull;Wendy;m;1;1.26
1178;Salazar;Stephen;w;1;1.73
1179;Davis;Diana;w;1;0.81
1180;Johnson;Susan;w;4;1.85
1181;Lewis;Jake;m;4;1.37
1182;Singleton;Jennifer;m;1;1.31
1183;Burnett;Diana;w;3;1.76
1184;Copeland;Beth;w;4;1.44
1185;Marks;Joshua;m;3;1.22
1186;Reed;Brett;m;3;1.84
1187;Vaughn;Kevin;w;2;1.65
1188;Ewing;Rebecca;m;3;1.57
1189;Smith;Gregory;m;4;1.89
1190;Jones;Christopher;m;2;1.1
1191;Ward;Corey;m;2;1.42
1192;Clark;Peter;w;4;2.2
1193;Johnson;Donna;m;1;1.23
1194;Huffman;Vicki;w;2;0.97
1195;Nguyen;Theresa;w;4;2.24
1196;Smith;Isaac;m;3;1.78
1197;Davis;Brian;m;2;0.97
1198;Lewis;Gregory;m;2;1.32
1199;Brady;Tina;m;2;1.05
1200;Frank;Jamie;w;4;2.18
1201;Smith;Gerald;m;4;1.95
1202;Gomez;Karen;m;3;1.93
1203;Williams;Brian;w;2;1.37
1204;Bowen;Christopher;w;1;1.79
1205;Collins;Rachel;w;3;1.08
1206;Watson;Alexander;m;3;1.23
1207;Wilson;Donald;w;3;1.81
1208;Ochoa;David;m;2;1.49
1209;Ellison;Katherine;w;4;2.22
1210;Henderson;Patricia;w;2;1.27
1211;Brown;Brent;m;3;1.0
1212;Ramirez;Dale;m;4;1.77
1213;Maddox;Kelli;m;2;1.04
1214;Bowman;Jonathan;w;3;1.16
1215;Reeves;Karen;w;1;1.01
1216;Lee;Bradley;w;2;1.1
1217;Bowman;Elizabeth;w;4;1.72
1218;Mcclain;Christopher;m;4;1.86
1219;Collins;Rebecca;w;4;2.13
1220;Wells;Jennifer;w;1;0.83
1221;Henderson;Robert;w;2;0.96
1222;Hudson;Samantha;m;3;1.34
1223;Page;David;w;3;1.42
1224;Meyer;Tiffany;w;1;0.9
1225;Carroll;Carol;w;1;1.57
1226;Rush;Eric;w;2;1.15
1227;Rivera;Erica;w;3;1.99
1228;Gates;Karen;m;1;1.45
1229;Ibarra;Sean;m;3;1.07
1230;Conrad;Brett;w;4;2.21
1231;Bradford;Ronald;w;2;1.35
1232;Kelley;Willie;w;2;1.7
1233;Everett;Catherine;m;3;1.72
1234;Wright;Andrew;m;1;1.09
1235;Williams;Shelby;m;3;1.49
1236;Perez;Lori;w;1;0.85
1237;Black;Duane;m;2;0.94
1238;Lyons;Ashley;w;2;1.24
1239;Manning;Alexander;w;3;1.92
1240;Alvarez;Timothy;w;2;1.64
1241;Curtis;Adam;m;3;1.76
1242;Benson;John;m;3;1.42
1243;Andersen;Courtney;m;3;1.96
1244;Bennett;Jerry;m;3;1.57
1245;Townsend;Chad;m;3;1.6
1246;Collins;Christine;m;3;1.89
1247;Baker;Jennifer;w;3;1.23
1248;Cook;Lisa;m;2;1.12
1249;Byrd;James;w;4;1.85
1250;Baker;Crystal;m;2;1.44
1251;Ward;Lee;w;2;1.53
1252;Marshall;Morgan;w;2;1.0
1253;Ellis;Joy;w;3;1.28
1254;Moore;Cody;w;2;1.16
1255;Solis;Cody;w;1;1.29
1256;Cobb;Vincent;w;3;1.59
1257;Cook;Peter;m;4;1.73
1258;Cole;Suzanne;m;1;1.69
1259;Moran;Richard;m;3;1.41
1260;Cross;Stacy;m;1;1.34
1261;Hall;Jessica;m;3;1.12
1262;Thompson;Brandi;w;3;1.5
1263;Terrell;Michelle;m;3;1.95
1264;Walker;Cynthia;w;1;1.69
1265;Vega;Sophia;m;2;0.91
1266;Ramos;Karina;w;1;1.78
1267;Chen;Bryan;m;4;1.86
1268;Harper;Todd;w;3;1.82
1269;Ross;Alyssa;m;3;1.23
1270;Young;Jonathan;w;1;0.87
1271;Palmer;Richard;w;3;1.89
1272;Hardin;Chloe;w;3;1.49
1273;Wagner;Jorge;m;1;1.06
1274;Callahan;Jeffrey;w;2;1.16
1275;Casey;Jacob;m;1;1.18
1276;Compton;Amanda;w;1;1.02
1277;Schaefer;Matthew;m;2;1.15
1278;Sanders;Andrew;m;4;1.9
1279;Payne;Sarah;w;1;1.72
1280;King;Victoria;m;2;1.55
1281;Robinson;Amber;w;4;1.84
1282;Jensen;Michael;m;2;1.06
1283;Carter;Brian;m;2;0.91
1284;Reid;Nancy;w;4;2.15
1285;Trevino;Lauren;w;4;2.16
1286;Kelly;Gregory;w;2;1.77
1287;Hill;Sean;w;3;1.17
1288;Carter;Jacob;w;4;1.33
1289;Gentry;Ryan;w;2;1.38
1290;Simmons;Tonya;w;3;1.45
1291;Johnson;Kenneth;m;4;1.81
1292;Garcia;Tracey;m;1;1.52
1293;Brooks;Patricia;w;2;1.76
1294;Barnes;Dwayne;m;3;1.49
1295;Jones;Juan;m;3;1.78
1296;Harper;Robert;m;4;1.31
1297;Gomez;Jacob;m;3;1.21
1298;Hartman;Andrew;w;2;1.15
1299;Chavez;Tyler;m;2;1.29
1300;Pruitt;Denise;w;1;1.66
1301;Rogers;Patrick;w;2;1.07
1302;Vance;Kimberly;m;3;1.84
1303;Young;Heather;w;2;1.06
1304;Contreras;Becky;m;2;1.06
1305;Larson;Stephanie;w;4;1.66
1306;Griffin;Angela;w;1;1.28
1307;Hayes;Courtney;w;3;1.86
1308;Garcia;Brian;w;1;1.39
1309;Lyons;William;w;3;1.29
1310;Larson;Cheryl;m;4;1.45
1311;Rhodes;Andrea;w;2;1.47
1312;White;Veronica;m;1;1.57
1313;Sexton;Jacob;m;2;1.34
1314;Graham;Stephen;w;4;1.53
1315;Keller;Sara;m;2;1.2
1316;Murphy;Jasmine;w;1;1.25
1317;Palmer;James;w;2;1.77
1318;Garcia;Teresa;w;2;1.81
1319;Mendez;Brittany;w;3;1.11
1320;Davis;John;m;1;0.87
1321;Lewis;Jordan;w;2;1.19
1322;Norton;Elizabeth;w;2;0.9
1323;Thompson;Adam;w;1;1.32
1324;Johnson;Krystal;w;2;1.86
1325;Gray;Jessica;w;1;1.57
1326;Morris;Elizabeth;w;4;1.61
1327;Archer;Michael;w;3;1.02
1328;Clayton;David;w;1;1.45
1329;Stewart;Christopher;w;3;1.74
1330;Chambers;Angela;m;1;1.67
1331;Watson;Tricia;m;3;1.86
1332;Smith;Larry;w;4;2.03
1333;Sanchez;Heidi;w;4;1.85
1334;Bryan;Laura;m;3;1.38
1335;Estrada;Alan;w;3;1.33
1336;Lloyd;Belinda;w;2;1.69
1337;Hernandez;Mario;w;4;1.9
1338;Mcgee;Alexis;m;4;2.22
1339;Wagner;Ralph;w;4;2.07
1340;Davidson;Michael;w;3;1.24
1341;Bruce;Kimberly;m;4;1.42
1342;Martin;Craig;w;3;1.01
1343;Hutchinson;Amanda;m;3;1.08
1344;Caldwell;Daniel;m;4;1.66
1345;Davis;Cody;w;3;1.92
1346;Skinner;Christopher;w;3;1.32
1347;Peterson;Nancy;w;3;1.03
1348;Hardy;Michael;w;3;1.85
1349;Diaz;Justin;w;2;1.35
1350;Adams;Michael;w;3;1.53
1351;Williams;Craig;m;2;1.54
1352;Doyle;Thomas;m;4;1.4
1353;Sutton;Lisa;w;3;1.52
1354;Howard;Amanda;w;4;1.59
1355;Hall;Heather;m;3;1.24
1356;Buchanan;Peter;w;2;0.93
1357;Anderson;Erin;m;3;1.48
1358;Charles;Nicole;w;2;0.95
1359;Hernandez;Mark;w;1;0.89
1360;Sanchez;Cheryl;w;3;1.6
1361;Turner;James;w;2;1.53
1362;Mcdaniel;Jennifer;w;4;2.16
1363;Madden;Victoria;w;3;1.92
1364;Frederick;Timothy;m;4;1.79
1365;Davis;Rebecca;w;2;1.72
1366;Taylor;Joseph;w;3;1.18
1367;Warren;Andrew;m;3;1.54
1368;Ewing;Douglas;m;4;2.23
1369;Fuller;Nancy;m;1;0.86
1370;Evans;Francisco;w;2;1.69
1371;Edwards;Amanda;m;4;1.46
1372;Steele;Mitchell;m;1;0.84
1373;Lee;Daniel;m;2;1.44
1374;Mitchell;Maurice;m;3;1.87
1375;Lopez;Kristy;w;1;1.13
1376;Mcmillan;Michael;w;1;1.03
1377;Petersen;John;m;2;1.21
1378;Anderson;Tim;w;4;1.53
1379;Torres;Kimberly;m;1;1.32
1380;Mendoza;Tanner;m;3;1.11
1381;White;Eric;w;1;0.98
1382;Davies;Mitchell;w;4;2.08
1383;Thompson;Jessica;m;1;1.02
1384;Everett;James;m;4;1.97
1385;Yang;Amber;m;2;1.35
1386;Crawford;Donald;w;3;1.11
1387;Horton;Shane;w;1;1.16
1388;Phillips;Yolanda;w;3;1.22
1389;Odonnell;Shirley;w;4;2.07
1390;West;Joshua;m;3;1.9
1391;Evans;Robert;m;3;1.69
1392;Diaz;Charles;m;1;1.3
1393;Cole;Ann;w;2;1.87
1394;Huber;Ann;w;4;1.49
1395;Johnson;Dawn;m;1;0.88
1396;Turner;Kevin;w;3;1.21
1397;Wilson;Michelle;w;4;1.79
1398;Scott;Mark;w;4;2.04
1399;Charles;Nicole;m;1;0.9
1400;White;Robin;w;1;1.74
1401;Frederick;Gail;m;3;1.5
1402;Brewer;Jessica;w;1;1.61
1403;Rivera;Jeremy;w;4;2.0
1404;Brown;Bryan;m;3;1.09
1405;Anderson;Cynthia;m;3;1.83
1406;White;Charles;w;2;1.24
1407;Conley;Jeremy;w;4;1.85
1408;Hicks;Ashley;m;3;1.62
1409;Rivas;Shannon;m;3;1.35
1410;Martinez;Connie;w;3;1.25
1411;Moore;Amanda;w;1;1.21
1412;Mendoza;Diana;m;3;1.73
1413;Dunn;Christopher;w;1;1.45
1414;Walton;Zachary;w;1;1.29
1415;Tucker;Timothy;w;2;1.71
1416;Avery;Ryan;w;4;1.49
1417;Oneal;Shaun;w;2;1.79
1418;Braun;Wayne;w;1;1.2
1419;Gallegos;Brittany;m;1;0.82
1420;Cruz;John;m;1;1.33
1421;Blair;Nathan;m;2;1.37
1422;Atkinson;John;m;2;1.17
1423;Blair;Katherine;w;3;1.53
1424;Ross;Randall;w;4;2.0
1425;Miller;Brenda;m;1;1.74
1426;Brown;Wanda;m;3;1.04
1427;Koch;Emily;w;1;1.38
1428;Tapia;Ashley;w;1;1.76
1429;Valdez;Diana;w;3;1.35
1430;Yates;Scott;m;1;1.71
1431;Gilbert;Debra;m;3;1.34
1432;Yang;Johnny;w;2;1.64
1433;Sims;Daniel;m;2;1.31
1434;Miranda;April;m;1;1.44
1435;Sullivan;Adrian;m;3;1.67
1436;Romero;Brian;w;2;1.04
1437;Wilson;Kristine;m;3;1.18
1438;Martinez;Michelle;w;2;1.42
1439;Macias;Gina;m;1;0.96
1440;Wells;Wayne;w;1;1.63
1441;Howe;Derek;w;1;1.44
1442;Malone;Katherine;m;3;1.08
1443;Ryan;Richard;w;3;1.87
1444;Hebert;Jason;m;3;1.8
1445;Mccoy;Patricia;w;1;1.66
1446;Gonzalez;Eric;m;3;1.01
1447;Rodriguez;Walter;m;1;0.9
1448;Watson;Amber;w;3;1.15
1449;Blackwell;Julie;w;1;0.89
1450;Moore;Bradley;m;4;1.95
1451;Meyers;Caroline;w;3;1.96
1452;Martin;Kathy;w;3;1.73
1453;Lee;Logan;w;3;1.06
1454;Mack;Jennifer;m;4;2.2
1455;Miller;Joseph;m;3;1.34
1456;Hebert;Darius;m;2;1.36
1457;Key;Gary;m;3;1.72
1458;Dunn;Mark;w;4;1.89
1459;Welch;Daniel;m;2;1.77
1460;Sutton;Kaitlyn;w;1;1.0
1461;Perez;Courtney;w;1;1.03
1462;Barber;David;m;1;0.94
1463;Cardenas;Jon;w;2;1.15
1464;Becker;Karen;m;3;1.52
1465;Roberts;Andrea;w;3;1.11
1466;Rogers;Ashley;m;2;1.78
1467;White;Lauren;m;2;1.71
1468;Smith;Kendra;m;1;1.57
1469;Macias;Henry;m;1;1.76
1470;Kaiser;Erin;w;3;1.56
1471;Shields;Sergio;m;2;1.59
1472;Reyes;Eric;m;4;1.58
1473;Ramirez;Joseph;w;3;1.92
1474;Curtis;Ruth;w;3;1.85
1475;Massey;Louis;m;1;1.44
1476;Wright;James;m;3;1.19
1477;Contreras;Mary;m;4;1.88
1478;Smith;Anthony;m;3;1.36
1479;Pace;Todd;w;2;1.1
1480;Mccann;Leslie;m;1;1.28
1481;King;Sarah;w;2;1.53
1482;Holmes;Lindsay;m;3;1.88
1483;Obrien;Andrea;w;3;1.38
1484;Martinez;Christine;m;1;1.0
1485;Lutz;Sharon;w;4;1.61
1486;Salazar;Steven;w;3;1.57
1487;Wallace;Danny;w;2;1.53
1488;Wilson;Steven;m;2;1.23
1489;Murray;Aaron;w;3;1.84
1490;Gonzalez;Travis;w;2;1.32
1491;Wright;Bryan;m;1;1.36
1492;Mitchell;Veronica;m;2;1.7
1493;Harvey;Victor;w;1;1.68
1494;Zuniga;Melanie;w;2;1.37
1495;Fernandez;Stacy;m;1;0.83
1496;Howard;Jacob;m;3;1.76
1497;Knight;Timothy;w;2;1.06
1498;Armstrong;Tracy;m;2;1.48
1499;Anderson;Nicole;m;3;1.89
1500;Austin;Joseph;w;2;1.51
